"event_id","organizer","event_name","event_date","event_start_time","event_end_time","event_location","event_description","event_genre","total_tickets"
"1","483","Port Gary family","2024-09-14","15:00:00","18:00:00","8084 Russell Spring
West Michelle, AZ 21982","Support mean capital power alone before resource chance long we million development six end if point culture ago next owner everything spring movement large although price expect employee guy charge majority both woman measure indicate control himself thus soon answer heart college nature ten threat.","4","73"
"2","482","South Lindaburgh art, theatre & comedy","2024-08-19","15:00:00","18:00:00","Unit 1824 Box 8109
DPO AA 18781","Many future whom argue system when teacher scientist form civil picture figure television doctor put improve throw base approach note state consider create camera plant major allow growth plan vote paper by Democrat meeting name pass describe rate method evidence sure cup hold product than material building thought city production among join rock yet her three future admit possible painting despite order usually within after vote.","3","128"
"3","493","Brandonshire concert","2024-09-18","17:00:00","18:00:00","01117 Tracy Trail
Lake Alejandroborough, CT 35935","The difference benefit seem cultural policy method end energy determine data move option early involve cold seem stand pass expert many prepare machine major enter south program mention day prepare rather truth bed century do rate lot trial between science sound cup create become people.","1","184"
"4","494","New Eric family","2024-06-01","17:00:00","18:00:00","031 Chris Fields Suite 482
Justinport, AR 34282","Little card investment understand sister parent the physical product boy create human good take lot stuff both ready whether admit through including discover a beautiful why kind thousand read film study arm dinner heavy political eat study everyone point base because.","4","200"
"5","451","Sanchezport family","2024-10-24","17:00:00","18:00:00","94674 Rios Center Apt. 133
Joshuaville, IA 34714","Agency strategy project in nation yeah while rather myself near exactly heart per police task travel great one process raise prevent nor product area month white there exist you gun three audience cut develop wind.","4","188"
"6","451","Patricialand sports","2024-03-12","15:00:00","22:00:00","7719 Manning Row
Oconnorton, AK 56629","Defense memory commercial sell security stock part ahead conference defense adult role organization treatment production including painting Congress value perform popular customer floor animal travel across true approach keep threat organization fill enough range out wish most open hard key recent during walk show this let include say best sea dark usually drug customer assume none him up minute ahead task whatever special turn culture around good top.","2","55"
"7","465","Hensonstad concert","2024-10-19","17:00:00","22:00:00","70966 Christina Roads
East Anitaburgh, NC 78279","Every level speak then effect power fear girl position most suddenly class movement green indicate order along hope probably action stock task military attention simple sing job clear necessary relate music sport animal music side style business general action have forward lawyer agent edge our media.","1","113"
"8","459","Mckenziefort art, theatre & comedy","2024-10-14","15:00:00","18:00:00","607 Gordon Parkway
Jamesport, IL 65960","Low address pull very old stand series door kitchen across practice unit term doctor his husband recently radio deep admit court discussion image future since about fill party his within bring spring at himself assume see action discussion explain cause this church when as particularly.","3","79"
"9","475","Thomasfurt family","2024-05-20","15:00:00","22:00:00","USS Watson
FPO AA 85974","Young value simply red old six especially red market strategy turn game wall pattern item plant artist money foot degree central fill career her wall reach tell major while management record bad difficult collection allow almost natural policy scientist many mention thing entire would citizen behind alone where worry.","4","50"
"10","469","East Jenniferstad concert","2024-09-28","17:00:00","18:00:00","190 Justin Trail Suite 693
West Sandraview, MA 49951","Service material subject choose place still market base source him because major all play discover buy environment before my environment force range believe investment offer company require watch dark so office reason many now street process black bring election teach grow item think particular fund business capital citizen early so join mean miss find view produce court second sort scene above feeling unit.","1","140"
"11","476","Danielfurt sports","2024-08-24","17:00:00","18:00:00","67521 Peters Field
Leeville, IA 91791","Stand fly focus kind maybe according break beat until week practice marriage word cup data clearly cut available tree for any those minute successful share force measure individual ten conference discussion only chair activity father structure water huge week memory build consider team strong stop difficult live say might memory save threat against interest animal possible local fall start south lead and garden catch police through particularly add drop one.","2","166"
"12","485","Christopherfort concert","2024-10-07","17:00:00","22:00:00","44204 Heather Squares Apt. 080
West Tara, VT 69576","Remember rich process popular class recently early he develop technology arrive turn room support reveal around another commercial these purpose bill toward develop on discover field reduce century political politics off quite mouth collection drive strong year out age.","1","135"
"13","471","South Michelleburgh sports","2024-09-26","17:00:00","22:00:00","29009 Eric Place Apt. 052
West Saraview, MN 88418","Line modern east authority for idea ago behavior itself better despite onto half edge agent own face every according race nor policy tonight level economy attack possible difference a available decade your already alone room receive mother receive lay light investment cup everybody understand unit general many compare most range ability campaign.","2","148"
"14","493","Davishaven family","2024-08-16","15:00:00","22:00:00","2785 Lin Grove Suite 338
West Johnmouth, WV 89203","Newspaper it cultural charge whole open ago nearly item single leave because beautiful both strong just adult million choice know store compare race deep letter quickly relate cell character forget make central test including.","4","166"
"15","487","Nguyenville family","2024-08-08","15:00:00","18:00:00","1904 Traci Tunnel Suite 805
West Kelseychester, ID 88672","Him fear us charge movement toward development teacher thing get ground glass southern sure name brother minute able fact house appear because TV drop turn fine though structure last total air government floor society move already clearly couple international scene serious explain.","4","167"
"16","456","West Joshuamouth concert","2024-07-19","15:00:00","18:00:00","904 Megan Fords
Snowmouth, MT 69516","Possible significant organization Mr certainly language according very analysis response contain create single which kitchen maintain expert morning speech against similar stage unit heart style could discuss guess imagine art test between dream action thing city perform news population several structure environmental lay attack leave once sense Mrs meet important professor model pressure focus fly Democrat partner resource including even rock radio democratic government group.","1","68"
"17","462","Baxterfort art, theatre & comedy","2024-08-09","15:00:00","22:00:00","USNS Miller
FPO AA 05707","Very state seek decide almost full skin drive meeting care receive city today us finish use so energy church customer positive ready information base article see political vote dark decide radio step effect kind sister green structure stock senior decide check ask lay coach let avoid north popular room form cultural food middle suddenly.","3","138"
"18","495","Ericberg art, theatre & comedy","2024-10-11","17:00:00","18:00:00","55936 Walker Unions
West Robertland, MD 73750","Various man majority area ten law future long new democratic action set buy himself responsibility theory law history price design institution adult customer low various forget foreign half recent build true sea expect live class interest health nation sport old argue hand.","3","63"
"19","499","Farleyland concert","2024-06-20","17:00:00","22:00:00","74483 Thomas Gateway
South John, GU 95350","Them who yeah behavior measure participant service inside response man recent nice friend Mrs southern beat leave behavior leg trouble city establish perhaps show painting PM difference thought happy past amount store address week citizen source police person decade industry trade tonight truth lot run simply force one describe situation foreign whose.","1","184"
"20","461","Lake Jeffreymouth concert","2024-09-12","17:00:00","18:00:00","4445 Strickland Valley Suite 703
West Frankview, MS 49442","About spring call figure he training learn keep not word they staff design impact person page enjoy need tend decision rest decade clearly individual kid property song would past show worry month together level whose collection issue left class never cost usually bad card cover case black positive behind this throughout loss such run probably.","1","182"
"21","452","Kristymouth family","2024-03-20","17:00:00","18:00:00","59558 David Flats Apt. 582
North Matthewland, HI 53886","Story national success local throughout for strategy rather resource us affect respond before form real scene teacher employee at agency area hundred suddenly notice capital although out sure environmental energy lose tonight sport person he these hot according too hour democratic avoid like know building.","4","54"
"22","492","West Mary art, theatre & comedy","2024-10-18","17:00:00","18:00:00","PSC 7857, Box 7556
APO AP 34951","Foot carry economy ground community support unit put note recently response check simply far may relationship miss democratic head modern unit prepare ability by kind require radio be third toward us skin under long put teach another.","3","94"
"23","481","South Amanda family","2024-09-15","15:00:00","18:00:00","673 Alexandra Crossroad Suite 488
Coxbury, SC 64712","Fact off recognize approach probably hair drive attention management include standard suggest sit course individual dream better lose perform name they mean push wear safe rule product even then attention another small style agreement mention collection total office risk our arrive series vote bit check us back pay easy condition account week democratic finish rock live time seven reveal former senior concern investment however human three building debate by somebody.","4","179"
"24","497","North Amanda concert","2024-09-21","15:00:00","22:00:00","021 Sara Shoal
South Jeremy, MI 80489","Home argue nothing stage base like hour next scene human soldier model story poor whose many lose too behavior when state coach and like if sell until nor note direction event enough company protect less them claim specific career born including identify hundred foot truth decide reason air score wonder there who ok treat somebody ever evidence sell smile two.","1","77"
"25","452","Parkerton family","2024-09-10","15:00:00","22:00:00","PSC 1019, Box 6748
APO AA 49481","Citizen allow never Mr over to risk marriage true show try station past box article north plan article bag change middle part above pay than if support focus product administration long sure together right campaign lot type consider behavior full just strategy.","4","56"
"26","478","East Davidfurt art, theatre & comedy","2024-04-27","15:00:00","18:00:00","33389 Parks Causeway
North Alicia, DC 29750","Central statement people raise sound production per like manager continue believe cold high majority worker parent image everyone consider history expert join social discover section story detail leader laugh analysis give board focus third total soon physical free.","3","153"
"27","482","Richardville concert","2024-06-02","17:00:00","18:00:00","201 Betty Summit Apt. 227
East Maria, VT 62017","Theory develop concern threat develop everything me reveal outside everybody write program sing describe assume accept nor gun great win executive suddenly space full water right mission long see determine money thousand home always I.","1","88"
"28","489","Lake Marie concert","2024-07-18","17:00:00","18:00:00","319 Clifford Station
East Jared, FM 36476","Either road support American say research reach develop act discuss want more guess situation voice deal resource cup already technology step college drive big big agency way difficult lay family left record become from then able around college.","1","148"
"29","463","Jamesview family","2024-09-17","17:00:00","18:00:00","681 Cross Road
West Susanmouth, AZ 74916","Consider employee yes also machine perform happy somebody throughout color entire government contain relate who so tax us region political personal without manage six full situation board able west lose attack cut traditional worker stand sit leave miss effort return lay worry represent image contain able compare.","4","140"
"30","458","Nunezmouth family","2024-09-19","15:00:00","18:00:00","Unit 3242 Box 0756
DPO AE 67214","Population town between professor interest which near meeting like eye major find program successful type reality card do buy protect prevent majority charge yes wonder teach let by area weight edge television whatever body determine after market might decade rule focus road company member project friend language protect when international computer although morning particular allow several hope indicate.","4","155"
"31","467","Smithside concert","2024-08-23","17:00:00","18:00:00","2457 Jessica Falls
South Lanceland, FL 67270","Capital community for manage week these far past national past couple week art six media show hit station PM part focus age low address cell adult perform indicate standard account break season small finally a human report experience protect market camera wife never energy tend clearly avoid benefit number indicate hand first campaign part may box because condition child fund show.","1","135"
"32","466","Lake Marcfort art, theatre & comedy","2024-10-22","15:00:00","18:00:00","055 Steele Place
Valdezbury, ND 29603","Foot sing themselves leave meet state PM play drug spend wait company gun thousand usually both time education employee on possible popular run country control maintain employee never sign them design political guy task billion everybody candidate bed stuff reflect type state.","3","194"
"33","458","Ginastad family","2024-06-18","17:00:00","18:00:00","22277 Wendy Rest
Gregorytown, DC 26416","Institution since design young music claim only hope information surface expert seem listen military investment near follow my everything full their story seek particularly once outside technology poor raise training view late shoulder believe while onto couple commercial money value ready beat friend else tonight energy data spring wait year he land respond tonight bit evidence trial that.","4","110"
"34","499","New Angela concert","2024-09-05","17:00:00","18:00:00","3058 Wesley Streets
Lake Johnmouth, VA 35472","Live consider upon fill top amount allow politics of several system view gun information method situation such miss myself economy within series property coach section significant act popular toward believe story letter she individual forward really movie just buy take data general say light have.","1","84"
"35","492","East Michael concert","2024-10-05","17:00:00","22:00:00","33773 Jeffery Prairie Suite 518
Steinstad, NV 76857","Letter office whom special painting near story audience particularly reveal decision side something cup front cup man of simply operation and no administration here Mrs author ago they gun road onto country two.","1","121"
"36","498","Lake Stephenton family","2024-06-30","15:00:00","18:00:00","004 Jones Vista
Dianaside, SC 45550","Go situation century recently all science in middle government maybe far move catch admit fall close turn lawyer owner above fine that more career whose operation could value radio live religious wear anyone trial mention claim culture herself might rather despite staff third plant pass hard exist try job understand reason some picture out hard on Congress pretty carry short population important when candidate ground believe arm.","4","103"
"37","483","Lake Bruce concert","2024-10-20","17:00:00","22:00:00","7705 Bell Stravenue
Rossburgh, AK 12925","Center who throw class material because time choice figure share art event produce catch hour control head particularly former various international training trade lot resource pull improve manage all suggest resource possible seat energy small stay option already field knowledge material before whole coach everyone personal consider per break scientist when Mr candidate subject discuss under without face fine check why.","1","175"
"38","487","South Brianborough sports","2024-10-15","15:00:00","18:00:00","441 Miller Ramp
Alexisstad, MI 29021","Model discussion pay dog ask eight second hand eight price theory discover knowledge over idea thing within throughout history page room college air trial believe lot know own speech discover available loss that week final support entire rest different chance different guess trouble fight kitchen day heart television push center show similar action news put state important perform time manage PM grow song commercial.","2","114"
"39","489","Heatherland art, theatre & comedy","2024-06-03","17:00:00","22:00:00","00946 Sydney Gardens Apt. 778
New Todd, LA 72923","Condition must good tend finally threat church debate call join affect behind within side difficult detail type report theory might yeah then back student suddenly really treat he or yeah record real leg describe the service economic economic voice stuff keep Congress research station well hand morning establish sing support stop reality sport source rise behavior poor sea new term her.","3","173"
"40","471","Williamstad family","2024-10-10","15:00:00","22:00:00","25422 Young Inlet
New Tracey, UT 87692","Door body film case recent everyone operation position attention wife where church nor everyone serious dog top process number field forget third once debate system moment way next difficult thousand sense join that five today real sell person movement establish plant small line itself possible down sea for everything young and and benefit some so.","4","158"
"41","483","West Samuelchester sports","2024-08-09","17:00:00","22:00:00","4329 Brown Haven Apt. 084
Lake Scott, RI 33135","Study dream down so nation political bed less set step staff floor real physical able discover able child test loss company very stop second court test work close happen in perhaps radio medical offer money a exactly majority question imagine choose dog get catch remember blood bad create want can get brother onto notice writer popular natural there consider short hope available.","2","134"
"42","478","South Courtneyside family","2024-08-27","17:00:00","18:00:00","0625 Spears Squares
West Geoffrey, IL 82443","End education quickly fall picture up break project anyone energy store leader hour available only trouble purpose lot nothing support reveal site community institution whatever they quickly cause outside paper hospital.","4","187"
"43","467","East Shannonbury family","2024-08-24","17:00:00","18:00:00","5482 Wendy Rapids Apt. 453
Cookton, FM 76451","Energy anything six hear night vote figure office continue this describe serve environmental now pay president possible card less bad film move affect run third glass way note act parent serious herself fall clear stuff director happen reason wrong morning probably minute just for strong if forget hour finish possible field either summer central husband draw natural nature ready keep put born long young.","4","121"
"44","467","West Donaldside sports","2024-05-29","17:00:00","22:00:00","78757 Vargas Keys
Dillonport, OR 57806","Easy by personal yeah eat difficult mother whether value class next community scene could month fall section any executive forward country human himself whose let describe significant accept letter box travel either different former hear without more cut bring eye usually focus central.","2","104"
"45","472","West Anthonyville concert","2024-09-08","15:00:00","18:00:00","9595 Nichole Knolls
New Paulafort, AK 90815","Easy dark hot president relate wrong from peace mission life statement respond two fast and each always bed call major end break feeling paper administration charge American argue affect bar beyond rock space operation finish might street talk tough.","1","118"
"46","482","New Joshuaview concert","2024-08-02","17:00:00","22:00:00","2434 Rachael Wall
East Craigstad, TN 14371","Itself skill tend public choose expect tree open large defense whole lawyer deep area several financial might help beautiful father foot go picture point account affect through at care carry without first base fast water expect size team reach one air.","1","75"
"47","468","Lake Jacqueline art, theatre & comedy","2024-08-14","15:00:00","22:00:00","055 Cameron Ranch Apt. 021
Marcport, MP 81189","Energy but girl feel represent however rule ten produce sing put staff everybody own ago yard nation growth discover probably issue scene environmental table example affect provide education require society amount guy research age.","3","178"
"48","487","Christopherton art, theatre & comedy","2024-10-18","15:00:00","22:00:00","00749 Amanda Village Apt. 693
South Timothy, ND 07462","Travel course school scene strong actually assume its across bag campaign product color pay view list marriage song Mrs ability him answer usually wrong anyone late realize final explain service team drive pressure film represent offer act sense professor accept car discuss front investment risk information art soldier.","3","84"
"49","480","Kelseyborough concert","2024-07-09","15:00:00","22:00:00","81123 Hancock Shoals Suite 758
New Robert, GA 64824","Stand newspaper for turn stuff candidate doctor sell parent me father or common rather nation model degree together affect know kind option push watch sense single onto treatment so chair production nature mean interesting major person necessary his water small weight around also size week kid military agree smile down.","1","169"
"50","466","North Edward art, theatre & comedy","2024-08-07","15:00:00","18:00:00","87670 Lance Field
Whiteside, TX 91727","Now together subject play message education still history financial box matter son action describe but enjoy out myself lay knowledge kind your become bit these rate fill worry resource girl yet ball forward head turn impact radio ground tree prepare.","3","122"
"51","500","West Anna concert","2024-03-15","17:00:00","22:00:00","0189 Robinson Isle Apt. 463
South Cassandra, PW 13966","Respond up work several five realize about often quite stock spring past month bring dinner use operation color major leader change effect economic writer ready home method might rule until perform hand hospital part family indicate check ever money explain world north.","1","200"
"52","484","East Sally sports","2024-09-01","15:00:00","22:00:00","5233 Jennifer Mews
Alexanderberg, MT 59898","Best instead parent close move TV foot floor officer help cost simple school various them kid among citizen our bill kind much fish seem best win indeed something surface decision decade level national take sit entire better leader sell individual hear right reach environmental skill enough seek believe decide ground year radio well film certain school teacher tree.","2","109"
"53","471","Dillonshire art, theatre & comedy","2024-04-04","15:00:00","22:00:00","6896 Gardner Street
Parkerview, WI 35414","Same rich join police age summer my quickly Democrat realize very feeling one instead live food difference sometimes strong prepare price help sing to whole to upon agree their long machine successful life war specific fly century as road simply name on bed.","3","153"
"54","482","Lake Scott sports","2024-10-13","17:00:00","18:00:00","USNV Anderson
FPO AA 94772","Right central safe learn question require report friend suddenly parent focus just single western Democrat how form movie half return realize future add three politics must available try place call debate create business.","2","126"
"55","474","East Richardhaven concert","2024-10-06","15:00:00","18:00:00","321 Krystal Crossing Suite 736
Lake Victoriaborough, AS 84029","Spend son special defense current total property society much book service though option example major rock floor describe way low student career nation name him common up gas action field fund seem billion office research make hold peace man ability individual democratic project government industry tough.","1","132"
"56","455","Nelsonborough sports","2024-10-10","17:00:00","18:00:00","35314 Stephen Station
Port Jamesfurt, KS 89913","Situation class this want tonight coach impact population trouble after religious sit player kind feel specific blood individual spring from reach source nature environment sound nor truth one ok relate east serve center town.","2","89"
"57","453","Joelshire art, theatre & comedy","2024-05-07","15:00:00","22:00:00","889 Wiggins Summit
New Steven, OK 60039","Seek sport machine various agent land dog agent protect return easy art deal general available strong ok worker another prevent perhaps respond research subject not if operation day plan debate opportunity strategy half green discover be discover to discover beautiful father you really customer finally training deal.","3","165"
"58","466","Port Kelly family","2024-09-16","15:00:00","22:00:00","46102 Young Pines
Lake Cynthia, CO 02766","Cover team offer indicate suffer test which room arrive from reach recent know woman provide raise indicate wide mission carry none with example road language everything fly long speech hospital hundred least view instead college sing hot look write billion know fine technology dream no season I three ten remain never large.","4","154"
"59","473","Adamsburgh family","2024-08-17","17:00:00","18:00:00","74344 Diaz Circles Suite 557
Perezberg, AR 28068","Firm which start turn nor close ground admit compare get might risk brother subject note language in child bring international discuss technology allow professor employee word help case any above talk final her seat race population dark increase hard bag suffer finish whose research material glass sell question model agreement respond understand.","4","151"
"60","456","Victoriaburgh sports","2024-07-14","15:00:00","18:00:00","2141 Shane Drives Apt. 244
Leeside, MO 83914","Class several plan into Congress politics skill any personal wide bad ground into western protect or involve control throw tree everything establish system garden month what you investment wife must rise important.","2","137"
"61","485","Lisastad sports","2024-05-18","17:00:00","18:00:00","866 Jason Motorway
Port Angela, OR 82899","Hour student reality eight either church soon writer this message yet control sing mean bag administration politics only reveal southern adult dream commercial hit international trial bill yourself before media this top build would nation need meet forget.","2","139"
"62","477","Lewisville art, theatre & comedy","2024-07-26","17:00:00","22:00:00","3279 Elizabeth Ports Suite 712
Jenniferhaven, RI 88075","Professor arm possible night character reality a foreign these table half off go dog community decide before analysis bar writer on bank live prepare single system then manage yeah need in hotel visit bank never note summer once language organization floor really cover report job least century.","3","143"
"63","479","Lake Andre art, theatre & comedy","2024-06-09","17:00:00","18:00:00","04715 Gomez Glen
Port Paulaport, WY 23621","Truth form throughout month report training family movement adult bed hot office end wind beautiful professor should wall account car college total country six raise appear spend face your network happy question continue hold condition exist too although again material.","3","117"
"64","480","West Patricia sports","2024-02-11","17:00:00","18:00:00","Unit 1509 Box 2955
DPO AP 80319","Ten window low share heavy necessary tree see person same second long building moment card factor relate entire table never money high need nothing security read south sit Mr recently goal keep space ok night mean look anyone power everyone similar writer ago but hit word public pull hope believe fill attack actually rock student never project expect.","2","199"
"65","459","Davisland concert","2024-07-24","15:00:00","22:00:00","2618 Amanda Ridges Suite 094
Sandersside, GU 31853","Treatment lay glass condition parent pattern recent response close start left so since campaign series alone anything director company industry rate stuff resource speech me officer thousand but goal seven for apply act race heart hundred by case ok as probably note resource.","1","76"
"66","496","New Kyle art, theatre & comedy","2024-05-22","17:00:00","18:00:00","12016 Veronica Mews
Noahland, HI 32006","We college hour at anyone player remember management cover chair six reveal improve ten character attention fly management radio include campaign close turn level painting picture become finish about notice hair will ever program.","3","161"
"67","483","West Jill art, theatre & comedy","2024-05-18","15:00:00","18:00:00","Unit 0158 Box 5085
DPO AA 71761","Little better inside call kitchen us prevent seven drop power understand heavy team mouth you mind health instead study purpose remain suffer laugh factor room animal level truth speak four others responsibility source on bed bit whether name assume you just allow shake international account beyond school ground consumer move area four wonder source work challenge daughter budget.","3","104"
"68","460","Rebeccabury art, theatre & comedy","2024-08-25","17:00:00","18:00:00","9190 Roth Glen
Lynchstad, FL 62235","Brother say seat blood human instead condition field dinner understand free machine woman right treat hand new box recognize popular yes beyond line around field scene clear card drive set year energy look exist couple charge begin wrong process change manager speak sign what back skill amount let space coach third president challenge guy however water where during raise production measure down else thought.","3","100"
"69","488","Andersonville concert","2024-06-30","17:00:00","22:00:00","3684 Ross Wells
Hamiltonmouth, VI 00797","Establish truth fish name mind ok everybody speech shoulder despite my seven tough so phone fine smile treat region then peace forget usually beat wonder fund must myself discuss a rich assume raise simple its cover behind.","1","117"
"70","481","South Robert sports","2024-08-28","15:00:00","18:00:00","6181 Kathryn Island
Kevinport, AS 53035","Method clear few sit local now as agent goal statement discussion popular best move bed say imagine society something cold under test by person phone response wind over letter fast but focus carry number.","2","51"
"71","462","West Melissa family","2024-08-03","15:00:00","18:00:00","793 Gilbert River
New Patriciaburgh, NV 06400","Year according office although article nothing life whether sell it seek operation design age specific officer whole ability note of fall against cup board event else live scientist just be sometimes young improve position able per compare carry mother position pressure country instead success leg heavy number worker machine conference military throw seat.","4","136"
"72","491","East Eduardo family","2024-08-25","15:00:00","22:00:00","6569 Michael Ferry
South Jacksonmouth, DE 85705","Far to step test decade key read notice rate wait without safe heavy common must would machine former allow call several me continue cover teacher nation type past stand quite unit find phone anything adult across agree nice election glass hospital.","4","54"
"73","465","Martinezfort sports","2024-07-23","17:00:00","22:00:00","4524 Christopher Skyway
South Molly, HI 96886","No yourself describe break thus listen produce participant small finish certainly human serve southern without quite skill series bar five no figure no everybody time collection pretty respond tonight coach environment conference range magazine throw.","2","71"
"74","476","Port Jorgechester family","2024-10-16","17:00:00","22:00:00","65348 Corey Lodge Apt. 211
Brownmouth, FL 38251","Stage magazine structure begin they go moment radio life free guess behavior cell inside wrong person across structure painting recognize institution model born your owner five lead direction forget environmental answer stop gas couple where wide since song responsibility before pick wear state also defense water heavy agreement age court.","4","55"
"75","479","Lindafort family","2024-10-06","17:00:00","22:00:00","1376 Johnson Ports
Port Erika, MT 64087","Line over bar decade state those course technology mother himself brother full rate community into never rock not camera cold late ahead visit defense success near station possible prevent new anything ok seek local group wall left someone mission human administration will.","4","193"
"76","477","West Kimberly art, theatre & comedy","2024-10-05","17:00:00","18:00:00","0236 Parker Road
South Franciscofort, PR 57392","Ago life party ahead rather democratic their international threat note young ahead bar culture body know carry wide truth cultural recently full rock opportunity radio call walk sport project onto serious card receive.","3","191"
"77","460","South Sandra art, theatre & comedy","2024-10-12","17:00:00","18:00:00","85731 Larry Road Apt. 512
Hullchester, CO 63150","Enjoy rock half guy vote must travel word hold product stock onto newspaper guy purpose cultural account mission very material beyond general down tend war friend scene be we character dark rest onto carry college often outside everybody training recognize top too.","3","149"
"78","485","Gibbston concert","2024-05-29","15:00:00","18:00:00","97054 Hamilton Unions Apt. 374
Gonzalesfort, ME 04650","Method government bad product trade tell large nature believe home eat rock call though station really husband really foreign hope food seem keep some eye whose operation possible scene because data form week form air nothing new arm music adult political rock article indicate establish travel throw happen determine practice each provide city make challenge or until policy such face item development term standard imagine once job through themselves coach.","1","66"
"79","454","Port Alexander art, theatre & comedy","2024-02-22","17:00:00","22:00:00","3909 Michael Meadows Suite 554
South Kennethport, GA 75086","Now generation middle bag keep stock side fast modern building ready adult whatever weight friend would budget old want picture wide manage for unit action floor professor business as tree discussion material huge thus treatment form and war big rate bad yourself suffer pattern develop off girl speech rock protect place nothing result way edge serious politics oil story surface animal.","3","165"
"80","463","East Laura concert","2024-03-27","15:00:00","22:00:00","137 Kirk Orchard
Lake Lisa, SC 14091","Call factor job protect memory knowledge girl not market after build machine gas management ready visit behavior everybody represent term hand table eight finish cut control less political kid again second road event everybody task research.","1","151"
"81","479","Port Heather family","2024-05-17","15:00:00","22:00:00","525 Bobby Island Suite 998
Geraldfort, NH 09752","Society drive never dream center gun cup economic practice task respond focus town peace pick marriage method name identify heart any something radio recent walk set several traditional likely manage finally brother piece common attack service onto information major meet thank option bad serious nor actually father game for great hand four some politics leg begin recognize part office step available fall dinner there staff attorney.","4","189"
"82","464","Marqueztown sports","2024-09-01","15:00:00","22:00:00","9899 Gabriella Turnpike Suite 277
Port Anthonyport, KS 61719","Industry still analysis us administration inside but most surface strategy offer off magazine common group question college education off sign call tonight professor development reveal leg population quickly such assume table may guy cup suffer while sit relate occur identify do many several national miss head force bring collection if imagine responsibility.","2","184"
"83","463","South Timothy family","2024-04-29","15:00:00","18:00:00","65957 Montgomery Stravenue
West Amber, SD 89916","Bag over blood nature reveal color open current third action human should old good often best similar ground four again might where never though couple company audience reach decision range military mind mother civil role why should third girl.","4","51"
"84","468","Loganbury sports","2024-10-23","15:00:00","22:00:00","62968 Livingston Plain Apt. 437
Simsshire, GU 55570","Future nearly standard care as but care artist finish benefit require white old professional would charge need fund occur give safe assume listen husband when yes less century gas indeed half become less country soon suggest reality week but appear weight station up special author cultural how purpose beyond management man take more mission decade continue put theory while rather base could trial state expert design force into.","2","56"
"85","482","Gibbsland family","2024-09-13","17:00:00","22:00:00","USCGC Lynch
FPO AP 64065","Environment prevent half professional customer religious again help security scene according language box media fast successful next husband age total citizen office reveal public someone may leader produce grow answer.","4","104"
"86","477","Cranechester sports","2024-07-27","17:00:00","22:00:00","628 Joseph Squares Apt. 590
South Jamesborough, KS 63957","Argue situation note single represent chance number section poor subject during thousand charge however well name form middle big front yard second believe enjoy could never machine huge better live decide.","2","90"
"87","482","South Michaelburgh sports","2024-07-26","17:00:00","22:00:00","8673 Jesse Orchard Suite 740
North Davidmouth, WV 67016","Task great American road reveal at us prevent offer federal community show chair good chance probably first guy prepare level plant prove talk back white dog but help prove else either amount long.","2","84"
"88","464","Williamton art, theatre & comedy","2024-10-14","15:00:00","22:00:00","00017 Stanton Hollow Apt. 958
East Kellyfort, OK 22408","Appear child sea media cold soon him agency interest condition ten particular next admit art available turn remember wear voice mouth media sing financial sport citizen free parent dark list attention executive usually nothing money start pressure theory family sea top social each either able enter opportunity truth face test finish night enjoy subject wait population.","3","95"
"89","486","Ethanchester art, theatre & comedy","2024-02-19","17:00:00","18:00:00","665 Angel Springs Suite 860
Carolmouth, KY 86944","Begin wait join from something size thing ago although theory can audience guess anyone great senior pass some animal animal himself type firm ten boy sound oil full enjoy race wall fall picture produce condition issue herself first really moment lose this million professor environment read minute suddenly movement director land ahead herself similar international paper everything magazine book nor son set major itself model key.","3","176"
"90","456","Kiaraview sports","2024-08-16","17:00:00","18:00:00","86675 Brittney Port
Terrellfurt, NC 44150","Begin model term only must letter eat leave risk employee although leader play pretty member simple improve return nation clear economy when tonight role practice blood girl first visit always agreement leader current film entire improve.","2","94"
"91","499","New Robertstad concert","2024-07-04","17:00:00","18:00:00","448 Hines Gardens
Kennethmouth, NM 82020","Language continue source rest I approach those attorney vote ready himself tell final through season left help hospital follow very read mouth character among factor explain drive news second hot federal manager interest in interview single third bank simple forward magazine represent before.","1","129"
"92","484","East Garyborough sports","2024-10-23","15:00:00","18:00:00","151 Hood Trail Apt. 699
Brandonberg, ME 23867","Environmental produce firm heavy management operation woman language owner culture scientist special upon cell husband represent well build culture available per from quality my herself out interest fact true cost society go truth action house much service difference catch main success raise idea one who only case author though family agency example health chair window executive fly guess check those.","2","188"
"93","476","Alishafort concert","2024-10-14","17:00:00","18:00:00","61508 Joseph Knolls Apt. 282
Johnchester, RI 94567","Low eat fact citizen word image reach look pretty little statement Congress single message can read debate wait hundred wait indeed seat nothing hope situation describe child begin stop join spend heart measure yet own section away force south item race identify scientist action attack yet make bad beat page forget we special leg major gas.","1","192"
"94","486","Stephaniestad family","2024-08-02","17:00:00","22:00:00","24029 King Forest Suite 169
Avilafurt, CO 59382","Fast two Republican whom performance toward hard ability pull ok another entire important development stay her audience sort matter kind important left but big name compare star major until almost manage ok upon little single discuss difficult rise him best painting true necessary lead since practice strong find later hear wait them role many century popular black against seem particular parent still boy exactly so suggest.","4","95"
"95","474","Jonesside family","2024-05-23","17:00:00","18:00:00","8602 Bell Unions
Parsonsfurt, PA 25248","Conference painting list southern current make but appear several off financial nothing night eat so number reach smile us thing development painting clear admit message floor instead back seven TV agent argue assume pick gas good rich son common writer red billion item receive who a station forget painting raise send loss ready option forget.","4","160"
"96","469","Millsmouth sports","2024-10-08","17:00:00","18:00:00","6034 Jonathan Prairie Suite 794
New Gabrielleland, LA 74171","Technology position hair executive tonight table tonight author clear organization voice kid guy hard capital sport much fear senior minute recent detail security image ball now tell her soon kid edge camera animal walk arm factor voice arrive year while detail top pretty treatment radio understand point choice either fast adult success attention challenge smile him sell.","2","150"
"97","479","Port Danielle concert","2024-09-23","17:00:00","22:00:00","PSC 9794, Box 3211
APO AE 97547","As call mention artist physical seat before miss others get partner left control maybe spring TV leave ground when raise administration thank may ten nation under military ask allow agree phone Mr pass second majority day price both break old happen million serious require center worry describe lay argue baby front economic every professional among indeed drop goal gun kind news child police long unit born south.","1","107"
"98","480","East Benjaminchester concert","2024-09-21","15:00:00","18:00:00","3907 Bradley Ranch Apt. 678
Powellfurt, ME 30158","Money office course likely dog with next prove organization toward by already population receive tax church guy a action side spend there within seem marriage real realize partner week whom or lawyer without seem hope.","1","81"
"99","466","New Ashley family","2024-08-16","15:00:00","22:00:00","80032 Calhoun Camp
Lake Jillhaven, PW 70252","Indicate others success produce computer score ground above public girl either seek must really whether ground nor wear majority drive effect security source training democratic report wait office purpose how their various key effect per while group television such do.","4","128"
"100","479","Patrickbury sports","2024-09-21","17:00:00","22:00:00","269 James Island
Meadowschester, MI 51488","Tree agreement step sport leg pressure store education door defense street character let customer right down tonight only whole traditional modern foreign relate require community lay save meet section civil pretty itself decide soon always expert note teacher whether kitchen tend reach interest seat treat company show star hard do manage south industry paper expert add gas third boy for.","2","135"
